{
  "ringer_classic_prism.ogg": "",
  "ringer_classic_courier.opus": "",
  "ringer_classic_touchmatic.opus": "",
  "ringer_classic_electric.ogg": "",
  "ringer_classic_wallphone.ogg": "",
  "ringer_soft_disco_drive.opus": "",
  "ringer_vamos_la_elektro.opus": "",
  "ringer_digitalascent.opus": "",
  "ringer_low_bit_swing.opus": "",
  "ringer_ringing_gems.opus": "",
  "ringer_rain_echoes.opus": "",
  "ringer_progressive_dapple.opus": "",
  "ringer_digital_dapple.opus": "",
  "ringer_loud_windchimes.opus": "",
  "ringer_bitbounce.opus": ""
}
